{"cameraMode":{"drawMode":0,"name":"Shaded","section":"Shading Mode"},"sceneLighting":true,"audioPlay":false,"sceneViewState":{"showFog":true,"showMaterialUpdate":false,"showSkybox":false,"showFlares":true,"showImageEffects":true,"showParticleSystems":true},"in2DMode":false,"pivot":{"x":4.740668773651123,"y":-4.128121376037598,"z":3.9222159385681154},"rotation":{"x":-0.4765704870223999,"y":-0.36340537667274477,"z":0.22546732425689698,"w":-0.7681209444999695},"size":11.4176664352417,"orthographic":false}