{"cameraMode":{"drawMode":0,"name":"Shaded","section":"Shading Mode"},"sceneLighting":true,"audioPlay":false,"sceneViewState":{"showFog":true,"showMaterialUpdate":false,"showSkybox":true,"showFlares":true,"showImageEffects":true,"showParticleSystems":true},"in2DMode":false,"pivot":{"x":0.18727922439575196,"y":2.3111541271209719,"z":4.123022079467773},"rotation":{"x":0.17761103808879853,"y":0.7969581484794617,"z":-0.28050804138183596,"w":0.50479656457901},"size":2.3509225845336916,"orthographic":false}