{"cameraMode":{"drawMode":0,"name":"Shaded","section":"Shading Mode"},"sceneLighting":false,"audioPlay":false,"sceneViewState":{"showFog":true,"showMaterialUpdate":false,"showSkybox":false,"showFlares":true,"showImageEffects":true,"showParticleSystems":true},"in2DMode":false,"pivot":{"x":0.0038527846336364748,"y":0.9836617112159729,"z":0.09112918376922608},"rotation":{"x":0.19242390990257264,"y":0.7757383584976196,"z":-0.2808728516101837,"w":0.5313962697982788},"size":1.8635566234588624,"orthographic":false}