{"cameraMode":{"drawMode":0,"name":"Shaded","section":"Shading Mode"},"sceneLighting":true,"audioPlay":false,"sceneViewState":{"showFog":true,"showMaterialUpdate":false,"showSkybox":true,"showFlares":true,"showImageEffects":true,"showParticleSystems":true},"in2DMode":false,"pivot":{"x":438.4541931152344,"y":780.426513671875,"z":-596.0781860351563},"rotation":{"x":0.3335402309894562,"y":-0.1465563327074051,"z":0.0525243878364563,"w":0.9298512935638428},"size":8.744070053100586,"orthographic":false}