{"cameraMode":{"drawMode":0,"name":"Shaded","section":"Shading Mode"},"sceneLighting":true,"audioPlay":false,"sceneViewState":{"showFog":true,"showMaterialUpdate":false,"showSkybox":false,"showFlares":true,"showImageEffects":true,"showParticleSystems":true},"in2DMode":false,"pivot":{"x":1.3820137977600098,"y":-4.128101348876953,"z":6.587592124938965},"rotation":{"x":-0.5134624242782593,"y":-0.19281715154647828,"z":0.11962862312793732,"w":-0.8275833129882813},"size":11.4176664352417,"orthographic":false}