{"cameraMode":{"drawMode":0,"name":"Shaded","section":"Shading Mode"},"sceneLighting":true,"audioPlay":false,"sceneViewState":{"showFog":true,"showMaterialUpdate":false,"showSkybox":false,"showFlares":true,"showImageEffects":true,"showParticleSystems":true},"in2DMode":false,"pivot":{"x":6.255327224731445,"y":-929.8738403320313,"z":123.039794921875},"rotation":{"x":0.0009810328483581544,"y":0.9877911806106567,"z":-0.15567128360271455,"w":0.00622407253831625},"size":59851.875,"orthographic":false}